text,true,pred,prob
하다 번 문의 주다 에이알에스 결제 되다 교재 받다 회원 있다 연락 드리다 저기 만 원 십 사 만 팔 천 삼 백 원 결제 주다 한번 문의 주다 카드 전체 취소 돕다 드리다 가능 그러다 하다 말씀 주다 보이다 감사 고치다 번 하다 보다 보이다 위탁 장소 주다 그러다 얼마 되다 이거 이거 배달 완료 보이다 오늘 시 너 시 분 삼십 사 분 확인 되다 있다 시 너 시 분 삼십 사 분 회원 저 번 확인 보다 연락 드리다 회원 그렇다 문 앞 두다 오다 거 맞다 알다 기사 감사 대출 주다 내용 확인 선생 부분 저 상담 가능 아니다 거기 맡기다 거 이다 감사 지점 이다 뭐 이다 이것 허가 무엇 돕다 드리다 궁금하다 것 있다 전화 드리다 희망 홀씨 대출 이다 진행 것 있다 말씀 중 희망 다음 대출 이다 하다 되다 거 이다 홀씨 대출 말씀 이다 선생 저 번 번 확인 보다 기다리다 주다 선생 기다리다 주다 감사 선생 저 확인 하다 은행 처리 바라다 아니다 괜찮다 문의 사항 있다 알다 맞다 예 국번 일 칠 번 확인 되다 예 말씀 감사 서민 금융 통합 콜센터 저 연락처 안내 도와드리다 터 이다 이쪽 문의 보다 부탁 드리다 메모 가능 뭐 이다 은행 있다 사람 있다 대출 있다 하다 번 번 알아보다 하다 선생 저 이쪽 담당 있다 서민 금융 통합 콜센터 이쪽 상담 하다 보다 거 이다 상담 가능 번호 있다 저희 업무 보다 있다 부서 확인 어렵다 어렵다 업무 보다 기관 은행 확인 그렇다 선생 확인 내용 얘기 하다 주다 저희 서류 주다 그렇다 받다 되다 카다 뭐 이다 하다 되다 사람 되다 수 있다 서민 금융 통합 콜센터 이다 번호 확인 저 이쪽 연락처 내다 돕다 드리다 돕다 드리다 월요일 월요일 회원 기다리다 주다 감사 장바구니 들어가다 아래 쪽 이다 버튼 보이다 이거 제외 건 확인 후 월요일 날 기다리다 주다 회원 저희 회 오 회 이상 바뀌다 공유 인식 하다 차단 되다 잦다 변동 대하다 주의 하다 주다 되다 문의 드리다 등록 기기 정보 회 오 회 이상 변경 시 되다 제한 하다 저번 교재 환불 하다 반송 거 연락 받다 금액 환불 문의 전화 실례 이다 아이디 어떻다 되다 성함 어떻다 되다 확인 감사 드리다 기다리다 주다 그러다 이거 회원 교재 결제 하다 교재 한번 결제 하다 주다 날 결제 음 만 원 십 칠만 이 천 육 백 원 카드 전체 취소 가능 컴퓨터 이용 가능 하다 괜찮다 개 개 쓰다 개 개 쓰다 있다 문 사항 있다 추후 사용 유의 주다 번 바꾸다 차단 되다 거 이다 회원 저 차단 해지 처리 하다 드리다 쓰다 기 이다 하다 제거 하다 드리다 저 하나 제거 드리다 기다리다 주다 개 다섯 개 차단 거 알다 있다 저희 이것 개 아니다 번 바꾸다 이것 차단 되다 그것 기기 개 되다 거 이다 탭 이거 제어 탭 거 제거 하다 드리다 알다 탭 하다 주다 기존 등록 있다 거 하다 하다 하다 거 이다 기계 이쪽 하수도 쪽 공사 진행 것 있다 여쭤보다 연락 드리다 공사 진행 있다 저희 쪽 불편 사항 접수 주다 이쪽 부서 맞다 여쭤보다 연락 드리다 그쪽 저희 들어가다 저희 아래 쪽 정문 쪽 앞 쪽 아니다 말씀 이다 거 이다 주중 아래 쪽 이다 선생 저 주중 천초 쪽 이다 하다 공사 언제쯤 끝나다 거 이다 공사 공사 이다 거 이다 끝나다 가다 올해 안 이다 감사 감사 알다 차단 되다 다음 거 지우다 수 있다 이렇다 되다 이까 전체 아니다 아니다 등록 거 전체 초기 번 번 하다 레노바 거 삭제 주다 올해 안 끝 나다 이쪽 안내 돕다 드리다 되다 저희 번 번 하나 드리다 지우다 드리다 가지다 투 이렇다 있다 거 제거 원 회원 저 보다 탭 탭 이다 휴대폰 하나 있다 있다 건 가지다 배송 관련 문의 주다 이것 배송 완료 저희 쪽 확인 되다 가지다 되다 가지다 이다 저 주소 확인 때 문 앞 이외 배송 받다 곳 확인 번 하다 보다 그렇다 때 개 개 이다 수령 되다 거 이다 전체 교재 이다 아이 개 다섯 개 중 개 개 오다 개 개 오다 회원 이것 개 개 택배 짐 수령 거 이다 다르다 아니다 저희 쪽 택배 이다 잠깐 회원 보다 도착 하다 예 월 유 월 일 도착 하다 이거 저 오늘 저희 주말 이다 확인 어렵다 어렵다 이것 월요일 날 이거 번 확인 하다 보다 연락 드리다 되다 거 같다 택배 건 저희 수령 확인 가다 있다 이거 그거 둘 지우다 주다 수 있다 통화 가능 하다 기다리다 주다 저 이거 조회 하다 보다 터 이다 기다리다 주다 이것 디바이스 아이디 되다 있다 가지다 저희 모델명 확인 되다 저희 등록 기기 차단 해제 풀다 드리다 때 쓰다 기기 하다 제거 하다 드리다 있다 보다 것 등록 되다 있다 저 등록 기기 차단 해제 풀다 드리다 거 이다 확인 확인 실례 이다 회원 생년월일 학교 이름 이메일 번 말씀 저희 쪽 이거 풀다 드리다 수 있다 하다 회원 본인 이다 거 확인 위하다 저희 세부 정보 확인 하다 되다 예 성함 되다 기다리다 주다 회원 정보 확인 확인 보이다 아이디 성 번 번 말씀 가능 하다 저희 쪽 사유 확인 되다 되다 기기 가지 소유 계시다 거 이다 하다 가지다 노트북 거 기기 변경 되다 사유 되다 기기 차단 문의 주다 거 이다 등록 기기 정보 회 오 회 이상 어쩌다 하다 로그인 되다 그러다 기다리다 주다 회원 장바구니 번 들어가다 보다 아이디 성함 말씀 주다 저희 차단 해제 관련 안내 드리다 수 있다 담당자 연결 기다리다 주다 걸 연락 받다 하다 거 이다 경제 살리다 과 부서 있다 업무 담당자 찾다 무엇 돕다 드리다 감사 좋다 시간 보내다 시공 알다 거기 공지 예정 있다 월 팔 월 일 오 일 날 시공 다음 주 월요일 날 공지 허다 고객 죄송하다 하반기 내용 다음 주 공지 되다 예정 이다 저희 알다 있다 경우 것 없다 메모 이다 쉽다 얘기 특징 사항 거 경제 교통 과 연결 주다 수 있다 이거 신청 때 메모 있다 신청 란 그다 년 이천 칠 년 식 이다 등급 오 등급 걸리다 가지다 병원 오다 가다 하다 되다 그거 때문 시청 홈페이지 고시 공고 란 확인 가능 월 팔 월 일 일 날 쇼핑몰 그렇다 내용 저희 월 팔 월 일 오 일 오후 공지 예정 있다 면 선정 어떻다 하다 거 이다 나 그것 하반기 저감 장치 조기 개 삼천 개 정도 지원 하다 말씀 주다 그것 선정 하다 시내 배 정도 되다 다음 주 월요일 날 요 신청 하다 것 본인 차주 이다 그렇다 저희 다음 주 월요일 오후 공지 예정 있다 경제 교통 과 말씀 이다 중소 기업 육성 자금 담당자 조명 수리 하다 회사 이다 하다 감사 저 차 일 경제 교통 주무 부서 내용 전달 연결 드리다 터 이다 기다리다 주다 쪽 연결 주다 맞다 저 그거 별개 경제 교통 별관 구청 별관 있다 거 맞다 경제 교통 전화 받다 거 이다 경제 교통 과 업무 부서 있다 차 일 차 저희 행 주무 부서 번 번 확인 보다 터 이다 청사 관리 부서 전화 받다 것 아니다 연결 가능 실례 이다 업무 주정차 위반 과태료 확인 하다 예정 이다 번호 여쭤보다 되다 경제 교통 연결 주다 수 있다 싶다 조명 나가다 하다 하다 그거 저희 고치다 되다 경제 교통 쪽 부서 공간 있다 거 아니다 공간 위 조명 수리 담당 부서 있다 않다 부서 내 조명 말씀 하다 주다 거 이다 경제 교통 과 조명 수리 관련 선생 쪽 회사 에이에스 요청 하다 부분 확인 다 말씀 이다 하다 저희 회사 에이에스 요청 하다 그것 때문 저희 전화 드리다 드리다 조명 수리 때문 쪽 담당 분 저 업무 내용 이해 하다 부분 납품 부분 확인 말씀 이다 저희 납품 등 기구 에이에스 쪽 문의 있다 하다 과 문의 해보다 하다 하다 저 업무 보다 급 급 가지다 번호 듣다 바람 구청 별관 경제 교통 연락 받다 고객 저감 장치 노후 경유 차다 조기 차 땜 그러다 배출 가스 등급 오 등급 말씀 이다 동일 중요 하다 때 이다 길 장 하다 때 장 마을 죄송하다 요 이다 선생 화요일 하다 때 이다 있다 않다 맞다 이백 육 십 칠 이백 육 십 칠 육 칠 저 주소 번 번 안내 드리다 괜찮다 번지 삼십 칠 번지 검색 주다 되다 맞다 선생 유가 요가 아니다 요 이다 요쿠르트 하다 때 이다 있다 요장리 이백 육십 칠 삼십 칠 맞다 불편 드리다 다녀오다 구 면 되다 부서 영 통화 가능 불편 드리다 죄송하다 저 주소 내다 드리다 재발 신 전화 드리다 안녕 시청 민원 콜센터 그거 차량 등급 거 있다 안녕 하다 상담사 저 교재 구매 관련 여쭤보다 싶다 것 있다 합류 때문 취소 하다 저 호 일 호 있다 상태 이다 가다 되다 가지다 호 호 사다 하다 홈페이지 사다 호 일 호 하다 방금 전 주소 내비게이션 주소 문의 선생 맞다 저희 세트 밖 판매 되다 있다 감사 무엇 돕다 드리다 담당자 있다 문의 이다 퇴직 퇴직 오다 퇴직 식 언제 이다 물어보다 물어보다 정년퇴직 식 언제 이다 문의 말씀 이다 연결 중 끊어지다 수 있다 번호 안내 드리다 연결 드리다 사다 호 일 호 사다 되다 거 이다 별관 아니다 거 이다 여기 본관 이다 저 등 기구 납품업체 이다 처음 조명 에 에이스 건 문의 하다 하다 좋다 상담 잇다 가다 선생 꺼 신청 하다 결 제로 예 들다 원 구 만 삼 천 원 수강 하다 제로 나오다 되다 돈 나오다 되다 년 일 년 끊다 정확 안내 위하다 학생 회원 아이디 번 말씀 주다 저 시발점 하 수학 하 교재 강좌 원 구 만 삼 천 원 하다 통장 입금 이렇다 하다 언제 입금 나오다 이것 저 수강 신청 하다 되다 수강 신청 그렇다 저 오랜만 하다 착각 보다 알다 저 놓치다 보다 기존 예 들다 상 하 되다 있다 상 신청 되다 있다 상하 되다 있다 거 신청 하다 구매 하다 누르다 패스 보이다 아이디 로그인 하다 구매 누르다 패스 수강 알다 감사 수강 신청 하다 되다 거 신청 하다 경제 살리다 과 연결 부탁 드리다 안녕 여기 이것 회사 연락 받다 담당자 잔 전화번호 확인 금 경제 교통 과 이다 하다 별관 이다 담당 경제 교통 본관 있다 부분 맞다 경제 교통 죄송하다 조명 대하다 에이에스 가로등 거 모르다 조명 이다 하다 전화 종료 저 확인 연결 하다 그렇다 하다 주다 무엇 돕다 드리다,0,1,0.9814338147598712
하 뉴스 보다 짜증 솟구치다 하늘 뚫다 버리다 것 같다 뉴스 이다 이렇다 화 나다 있다 나 좋아하다 연예인 이다 건물 사다 건물주 되다 하다 좋아하다 감정 사라지다 정도 이다 연예인 번 찍다 몇 억 받다 건물 살다 수 있다 거 이다 그것 너 심기 건드리다 거 이다 나 월급 통장 스치다 있다 학자금 대출 이다 월세 이다 나 벌다 것 내다 하다 것 많다 상대 박탈감 같다 거 이다 자괴감 들다 그거 나 다르다 것 없다 너 마음 이야기 모르다 않다 진심 사람 싫다 상황 화 나다 거 이다 맞다 따지다 보다 연예인 때문 이다 거 아니다 상황 다르다 사람 자체 밉다 지다 우리 힘들다 벌다 생활 있다 것 상대 화나다 느끼다 지다 수 있다 상황 힘들다 이야기 같다 마음 아프다 맞다 사실 전세 대출 이다 받다 옮기다 퇴근 후 아르바이트 이다 하다 돈 모으다 하다 거 아니다 생각 많다 지다 있다 중 이다 월급 받다 있다 나가다 돈 반 넘다 모이다 않다 힘 나다 수 없다 것 같다 우리 비교 하다 말다 비교 것 싫다 알다 있다 나 알다 연예인 벌다 거 비교 하다 되다 것 아니다 뉴스 보다 순간 화 나다 상황 안 너 너 나름 최선 하다 있다 그거 누구 비교 수 없다 너 가치 이다 자괴감 갖다 않다 되다 것 같다 나 가치 그것 알아보다 주다 너 있다 다행 이다 위안 되다 그렇다 다행 이다 우리 힘내다 달 견디다 보다 우리 힘내다 보다,0,1,0.8896703702782014
그렇다 그쪽 그쪽 지원자 맞다 부서 열 관리 이다 하다 있다 거 아니다 가스 대하다 안전 관리자 선임 하다 별도 저 열 관리 이다 하다 보일러 대하다 업무 가스 관련 말씀 거 이다 그쪽 연결 주다 나 묻다 보다 되다 나 모르다 화상 컨설팅 월 구 월 일 팔 일 오후 시 시 시작 컨설팅 변경 확정 처리 돕다 드리다 감사 감사 번호 연 연결 하다 알다 에너지 전환 팀 이다 안녕 여기 저희 진행 되다 거 안전 관리자 선임 하다 거 밖 없다 안녕 저희 컨설팅 일정 조정 땜 연락 드리다 생년월일 정보 넣다 되다 거 이다 변경 괜찮다 어머니 그러다 이메일 주소 뭐 등록 거기 시작 거 이다 중학교 어디 하다 놓다 확인 감사 어머니 이거 생년월일 변경 되다 것 같다 같다 저희 측 주민 등록 등본 신분증 거 바꾸다 주다 연결 드리다 괜찮다 민원인 열 관리 담당 부서 문의 거 이다 여쭈다 보다 안전 관리자 내용 이다 담당 부서 바꾸다 달다 하다 선생 안녕 시청 콜센터 기다리다 주다 감사 드리다 안녕 에너지 전환 연결 좋다 상담 잇다 가다 저 확정 처리 도와드리다 터 이다 기다리다 주다 저희 시스템 진행 드리다 거 이다 아래 예약 페이지 들어가다 보다 변경 내역 확인 가능 거 이다 컨설턴트 선생 조정 때문 저희 기존 날짜 이용 어렵다 되다 빠르다 반경 날짜 월 월 일 팔 일 오후 시 시 시작 컨설팅 변경 하다 경우 확정 가능 그때 변경 주다 알림 문자 남기다 주다 수 있다 저 모바일 이것 강의 다운로드 강의 다운로드 이것 중간 오류 나다 거 같다 같다 보다 저 교재 받다 그렇다 생년월일 때 생년월일 다르다 입력 있다 어머니 아이디 어떻다 되다 아이디 찾다 가다 이거 회원 가입 있다 정보 확인 감사 드리다 감사 드리다 실례 이다 회원 성함 아이디 되다 협회 대하다 알아보다 하다 거 이다 핸드폰 번호 말씀 주다 저 회원 등록 있다 확인 돕다 회원 정보 찾다 수 없다 뜨다 정보 넣다 아이디 찾다 가다 회원 가입 되다 있다 줄 알다 회원 가입 하다 하다 되다 있다 무엇 돕다 드리다 회원 분 성함 어떻다 되다 이용 기기 세대 삼 세대 신 안내 위하다 회원 정보 확인 필요 아이디 거 이다 생각 나다 아이디 저 하다 보다 로그인 어머니 하다 보다 로그인 이거 변경 변경 로그인 하다 다음 하다 거 이다 순 없다 입력 되다 있다 보다 하다 되다 전화 하다 되다 저희 하다 수 없다 생년월일 같다 거 틀리다 되다 있다 나중 환불 거 있다 불편 수 있다 저 등록 학습 기기 변 변경 번 번 정도 이번 등록 기기 정보 접속 기기 정보 다르다 이다 공고 뜨다 이거 로그인 다음 일 이다 일 이다 이다 이다 삼 이다 저희 가족 고기 맞다 맞다 어머니 뒤 숫자 하나 있다 변경 원 저희 쪽 전화 주다 댑 그렇다 강좌 다운로드 받다 거 열리다 거 이다 열리다 그거 확인 하다 보다 저 앱 나가다 들어오다 등록 기기 아 앱 나가다 들어오다 이것 강의 다운로드 하다 등록 기기 이것 아니다 나오다 거 이다 회원 번 통하다 기다 등록 보다 지다 완료 동일 거 이다 듣다 동일 오류 나다 것 되다 거 같다 맞다 되다 알다 비밀 번호 모르다 만 아니다 보다 가입 적 있다 모르다 이거 이다 이거 저 비밀 번호 찾다 하다 되다 것 같다 그것 만약 한번 부탁 드리다 이용 거 아니다 세대 삼 세대 학습 정보 기기 일치 일치 다운로드 거 누르다 학습 기기 등록 정보 일치 나오다 말씀 드리다 터 이다 끔 기다리다 주다 강좌 거 받다 거 이다 이렇다 개 개 맞다 회원 이전 저 다운로드 받다 이력 삭제 드리다 초기 시키다 드리다 거 번 기기 등록 받다 보다 되다 거 같다 이렇다 번 진행 괜찮다 회원 생년월일 고등학교 이름 되다 고등학교 졸업 하다 말씀 드리다 되다 졸업 고등학교 어디 이다 정보 확인 감사 드리다 감사 드리다 모바일 번 초기 하다 다음 것 저 해지 하다 드리다 다음 기기 번 등록 보다 다운 번 받다 보다 알다 저 기기 등록 지다 진행 지금 기기 번 등록 하다 다음 등록 저희 쪽 하다 드리다 회원 기기 다운로드 받다 보다 만약 되다 저 말씀 부탁 드리다 저 등록 기기 하다 있다 일정 시간 지나다 등록 기기 정보 접속 기기 정보 다르다 나오다 보일러 이다 하다 고객 저희 열 관리 이다 관리 부서 정하다 지다 있다 거 아니다 업무 거 확인 하다 거 이다 좋다 대학 들어가다 환급 주다 그러다 이벤트 너 고객 기다리다 주다 감사 말씀 주다 내용 광역 투어 버스 이다 하다 고객 시 하다 거 아니다 아니다 저 알다 도청 하다 고객 기다리다 주다 그거 하다 이렇다 들리다 어디 관광 버스 관광 순회 관광 버스 있다 무엇 돕다 드리다 가지 가지 물어보다 감사 연결 하다 드리다 되다 초등 초등 학교 가다 도로 포장 하다 년 일 년 넘다 개통 하다 않다 하다 문의 하다 고객 기다리다 주다 감사 저희 담당자 확인 되다 담당자 연결 드리다 터 이다 수고 선생 감사 년 일 년 넘다 개통 하다 있다 하다 문의 하다 이것 여행사 까다 도청 주관 여행사 접수 받다 있다 거 알다 있다 연락처 안내 드리다 연결 드리다 되다 고객 초등학교 가다 길 포장 하다 도청 하다 여행사 이것 여행사 하다 갖다 취급 부서 어디 이다 도 이다 알다 저희 승인 거절 저 기존 저 결제 결제 카드 저기 결제 관련 문자 승인 거절 뜨다 좋다 하루 보내다 저 상담 받다 수 있다 신청 하다 알다 여행사 이다 여기 신청 수 있다 이기 도 저렇다 연락처 안내 드리다 안내 드리다 터 이다 여기 상담 받다 보다 것 좋다 것 같다 선생 연락처 광역 투어 버스 이다 고객 출발 저희 하다 거 아니다 광역 투어 버스 도청 이다 고객 접수 받다 있다 선생 뭐 여쭤보다 여기 동 이다 다니다 보다 사람 다니다 보다 길 내다 길 공사 포장 지 년 일 년 넘다 환불 이벤트 이다 연고 중경 외시 가다 구매 듣다 있다 당시 도로 포장 하다 놓다 개통 하다 지 년 일 년 되다 것 같다 그것 알아보다 어디 알아보다 하다 전화번호 모르다 그렇다 자 예 통화 요청 남기다 주다 전화 책 등 쪽 제본 페이지 낱장 분리 되다 거 이다 불편 드리다 죄송하다 죄송하다 저희 파손 이다 것 확인 발송 접수 진행 가능 파손 이다 부분 사진 찍다 저희 쪽 메일 번 보내다 주다 수 있다 메일 어디 보내다 되다 너 메일 주소 저 문자 보내다 드리다 되다 회원 번거롭다 메일 보내다 주다 저희 쪽 번 연락 부탁 드리다 전화 되다 메일 보내다 주다 다음 연락 주다 저희 확인 후 재 발송 접수 진행 환불 아니다 환급 환급 이다 환급 그것 조건 이다 대학 가다 나중 합격증 보내다 환급 거 이다 거 아니다 아니다 환급 조건 있다 확인 초등학교 쪽 길 내다 고객 기다리다 주다 감사 죄송하다 여기 대로 이다 시청 연결 하다 드리다 터 이다 그렇다 담당자 여기 포장 하다 초등학교 으 가다 길 뚫리다 거 있다 무엇 돕다 드리다 공단 주유소 입력 하다 주다 저희 환급 조건 충족 되다 거 이다 뒤 환급 서류 업로드 하다 주다 되다 회원 하다 주다 가지다 육 수능 육 수능 모 모의 수능 입력 주다 환급 조건 월 삼 월 월 유 월 월 구 월 모의 평가 입력 주다 거 이다 수능 개 너 개 월 삼 월 학년 평가 월 유 월 월 구 월 모 평가 조건 뭐 이다 회원 보다 환급 조건 자체 하다 주다 환급 조건 충족 되다 확인 번 번 드리다 저 그때 거 열 열 뭐 이다 보일러 같다 거 문의 이다 그러다 개명 신고 되다 대부분 자동 변경 처리 되다 하다 쪽 강의 들어가다 북 뜨다 교재 피씨 피씨 다음 군데 군데 확인 있다 어머니 하다 아이디 번 번 부르다 주다 확인 되다 탭 보다 강의 자료 올라오다 있다 저 컴퓨터 다운 받다 찾다 수 없다 강 일 강 자료 올리다 놓다 강의 자료 올라오다 되다 있다 저 컴퓨터 보이다 사이트 결제 하다 때 저 아빠 저 하다 때 유수 대학 입학 환급 하다 하다 나 모의고사 성적 입력 거 당시 안내 받다 적 없다 보다 적 없다 데 그러다 저희 환급 나 지금 방법 없다 방법 없다 서류 검토 넘어가다 때문 당시 이벤트 성적 입력 플러스 합격증 되다 조건 나 되다 그것 아니다 환급 조건 이다 이것 환급 조건 이다 것 육 구 평형 이거 입력 하다 주다 되다 이거 관련 저희 고지 되다 있다 상황 이다 구매 때 다운로드 교재 다운로드 하다 수 있다 것 없다 강의 자료 뭐 이것 표시 누르다 눌르다 다운로드 그러다 어디 가다 보다 되다 모르다 그렇다 지금 입력 되다 월 삼 월 합산 성적 회원 교재 때문 그러다 거 이다 강 일 강 저 회원 아이디 접속 하다 확인 중 있다 하다 열 이다 하다 열 말씀 거 이다 열 관리 담당 부서 이다 업무 번 말씀 주다 열 관리 담당 요즘 있다 상담사 여기 다운로드 거 이다 알다 강의 자료 강의 자료 보이다 강의 강의실 들어가다 거기 해당 강좌 클릭 수강 강좌 전체 보기 강의 있다 어디 가다 다운로드 하다 수 있다 다운로드 거 어디 열다 아니다 강의실 들어가다 거 이다 강의실 들어가다 파일 클릭 하다 다운로드 않다 거 자체 없다 그거 기기 다르다 때문 다운로드 예 들다 윈도우 면 들어가다 다운로드 이다 있다 거기 확인 되다 말씀 거 이다 어디 가다 되다 구매 하다 주다 되다 자료 환급 신청 서류 검토 중 넘어가다 때문 저희 입력 수 있다 방법 없다 그렇다 목적 저희 거기 얘기 회원 패스 몇 년도 거 말씀 거 이다 그렇다 년 이십 이 년 꺼 아니다 이거 저희 이거 저 말씀 드리다 거 년 이십 일 년 년 이십 이 년 같다 경우 입력 하다 되다 이것 나 회원 회원 이름 가르치다 주다 회원 상황 하다 거 아니다 수능 고 이다 년 이십 일 년 걸 애기 짜다 회원 이거 저희 경로 안내 드리다 거 이다 피씨 사용 가능 보고 계세 인터넷 보다 계시다 거 맞다 아니다 휴대폰 회원 핸드폰 저 번 번 확인 안내 드리다 이것 핸드폰 모양 다르다 가지다 너 연결 연결 중 끊다 지다 변경 처리 되다 않다 경우 있다 번 조회 보다 수 있다 연결 하다 드리다 입력 되다 이거 아니다 거 같다 수능 치다 것 아니다 초기 이다 그거 그러다 점수 그렇다 하다 디테일 것 방법 지금 홈페이지 들어가다 보이다 지다 중경 외시 합격 환급 고것 고것 이벤트 되다 아이 공부 정신 없다 가지다 없다 갖다 하다 것 있다 것 같다 하다 저 전화 드리다 알아보다 것 있다 그렇다 하다 원 팔십 만 원 거 어떻다 구제 되다 구제 수 있다 방법 없다 지금 그렇다 그것 거기 목적 하다 가지다 애 개명 되다 가지다 이거 바끄야 되다 어떻다 하다 되다 회원 이름 회원 생년월일 확인 수 있다 거 충족 조건 이다 거 충족 때 이것 해당 되다 예 사항 이다 이벤트 관련 하다 때 이벤트 같다 거 보다 때 보다 적 없다 저희 공지 되다 사항 이다 아버님 당시 이벤트 올라오다 화면 있다 보다 수 있다 씨디 모의고사 성적 재학 이다 모의고사 성적 입력 그것 크다 의미 있다 사진 촬영 저희 측 메일 발송 주다 되다 감사 비밀 번호 찾다 하다 있다 거기 몇 번 이다 저희 말씀 주다 저희 대신 접수 드리다 수 있다 전화번호 알다 싶다 불편 신고 전화번호 말씀 생활 불편 신고 저희 접수 진행 있다 그 안내 번호 말다 불편 신고 있다 알다 저희 아이 고등학교 학년 일 학년 이다 인터넷 보다 사십 고 이다 만 원 사십 삼만 원 이다 그것 월 십 이 월 일 삼십 일 일 이다 나오다 그것 지금 년 일 년 기준 하다 것 아니다 년 일 년 기준 아니다 구매 날 올해 월 십 이 월 일 삼십 일 일 수강 구매 고 일 보다 거 아니다 고 고 고 삼 학년 강좌 수강 가능 그렇다 금 시점 그 사십 다 원 삼만 원 이다 거 말 개월 육 개월 금액 얘기 하다 거 이다 어렵다 말 맞다 수고 하다 사항 있다 여쭤보다 여쭤보다 전화 드리다 무엇 돕다 드리다 고생 감사 감사 번호 공 육 삼 칠 구 확인 저 번호 안내 드리다 연결 하다 드리다 기다리다 주다 감사 기다리다 주다 번지 이다 하다 주소 기달리다 보다 가마 있다 보다 뭐 이다 아 중 중앙 여고 앞 동 일 동 이다 동 동 이다 기본 소득 고객 저희 동 주민 센터 담당 있다 있다 동 거주 알다 수 있다 실례 재난 기본 소득 말씀 겁니 요즘 뭐 이다 거 거 영세 상인 거 뭐 이다 지원금 이다 그거 신청 하다 때 아니다 방제 팀 담당자 있다 문의 하다 하다 거 이다 재난 방제 과 연락 되다 연결 문의 드리다 그렇다 그렇다 무엇 돕다 드리다 진료 기록 열람 사본 발급 동의서 이다 검색 다운로드 되다 내용 저 전화 주다 번호 문자 발송 놓다 하다 그렇다 그렇다 금 년 일 년 그렇다 금 만약 얼마 이다 만약 학기 초 년 일 년 금액 받다 거 아니다 초 저 생각 년 일 년 나오다 것 같다 하다 지금 금액 인상 되다 거 이다 저 이다 가깝다 높다 수 있다 보다 기간 월 십 이 월 일 삼십 일 일 되다 있다 말 이다 저 궁금하다 가지다 만약 하다 되다 회원 가입 인터넷 조치 되다 거 이다 전화 고객 센터 저것 하다 것 아니다 전화 하다 되다 학생 계정 회원 가입 구매 진행 주다 되다 학생 계정 알다 감사 전화 받다 안녕 공사 이다 채용 문의 여기 전화 하다 맞다 채용 상담 팀 이다 문의 내용 말씀 주다 이번 공고 올라오다 분양 시장 분석 직무 대하다 알다 싶다 공고 나오다 분양 시장 분석 직무 개발 분양 상품 대하다 수요자 파악 최적 판단 기준 결정 시장 여건 파악 부동산 유효 이용 결정 일 말 거 이다 분양 시장 분석 직무 담당 일 하다 되다 알다 수 있다 분양 시장 분석 업무 분양 상품 수요 분석 분양 상품 공급 분석 입지 특성 분석 운영 분석 수분 양자 위하다 투자 분석 업무 있다 말씀 업무 중 분양 상품 수요 분석 이다 업무 분양 상품 시장 수요 분석 그 따르다 분석 제도 따르다 이다 분양 상품 수요 시장 수요 분석 분양 상품 시장 수요 사회 경제 공간 등 환경 따르다 분류 분양 시장 분석 상품 따르다 수요 분석 차별 상품 규모 따르다 분석 절차 수립 일 이다 맞다 지원자 해당 업무 대하다 알다 계시다 거 같다 이거 사다 수 없다 거 이다 번 칠 사 육 영 번 연결 드리다 그렇다 강좌 별도 구매 하다 가지다 듣다 되다 거 이다 첨삭 강좌 이다 거 뭐 이다 만약 년 일 년 하다 뭐 내년 초 같다 경우 월 십 이 월 말다 일 이다 그만큼 금액 늘어나다 거 이다 그다 나중 나오다 때 기준 다르다 거 이다 금액 금액 다르다 터 이다 시험 기간 변동 없다 금액 차이 있다 거 이다 차이 지금 높다 보다 되다 높다 개월 육 개월 만 원 사십 삼만 원 이다 년 일 년 같다 경우 오르다 거 한 배 일 점 오 배 되다 거 이다 저 생각 하다 저희 예상 하다 있다 정확 거 때 월 일 월 때 알다 수 있다 그렇다 교재 비 것 별도 이다 만 원 사십 삼만 원 교재 별도 들어가다 프리미엄 교재 비용 포함 있다 프리미엄 만 원 육십 삼만 원 이다 만 원 육십 삼만 원 맞다 교재 비다 교재 나 원하다 교재 조건 주다 거 이다 제한 되다 있다 거 이다 드리다 거 아니다 구매 방식 동일 차액 만 원 십만 원 사이버 머니 들어가다 추가 들어가다 있다 원 내 구매 하다 수 있다 거 이다 그렇다 강좌 거 제한 나 보다 싶다 거 다운로드 받다 싶다 거 언제 이다 하다 수 있다 거 이다 모바일 탭 쪽 강의 다운로드 받다 수 있다 기기 제한 없다 때문 자유 듣다 되다 거 이다 첨삭 강좌 적성 검사 패키지 강좌 부분 제외 되다 첨삭 스다 자기 소개서 논술 보다 있다 첨삭 주다 강좌 있다 좋다 상담 잇다 가다 수고 선생 알다 이쪽 저 통화 유효 기간 년 년 때 고객 죄송하다 공무원 거 신체검사 저희 보건소 진행 않다 병원 하다 터 이다 보건소 하다 거 뭐 이다 저 보건소 받다 검사 일반 채용 신체검사 채용 건강 그렇다 거 이다 년 년 이다 듣다 그거 발급 저 가다 받다 되다 거 이다 보건소 채용 건강 진단서 유효 기간 없다 발급 가능 이다 고객 제출 기관 검사 기간 제한 두다 수 있다 때문 부분 확인 하다 주다 되다 이다 원하다 하다 너 신분증 가지다 오다 원 오백 원 발급 가능 컴퓨터 하다 되다 작업 하다 것 있다 컴퓨터 하다 되다 출사 그거 이동 중 이다 저 얘기 하다 주다 문자 안내 주다 안내 하다 주다 하다 그거 입력 터 이다 올해 올해 저 구매 년 이십 이 년 아이 이십 올해 올해 구매 얘 올해 구매 거 지금 입력 되다 말 이다 입력 되다 이거 기한 알리다 드리다 육 수능 같다 경우 가지 가지 년 이십 이 년 내년 월 일 월 일 삼 일 자정 입력 주다 수시 정시 같다 경우 날짜 동일 월 일 월 일 삼 일 이다 오후 시 다섯 시 입력 주다 되다 이것 번 번 환급 조건 이다 환급 조건 이다 안녕 전 작년 건강 검진 공무원 건강 검진 그거 받다 예 번 번 무엇 돕다 드리다 회원 아이디 등록 핸드폰 번호 알 수고 없다 추가 이다 문 사항 있다 알다 저희 피디에프 판매 형식 없다 홈페이지 이다 보이다 지다 부분 일부 교재 이렇다 생기다 이다 보기 형식 회원 보이다 드리다 위하다 이다 그렇다 그 선생 저희 판매 교재 없다 안녕 여쭈다 보다 형태 피디에프 파일 이다 거 이다 페이지 떨어지다 그렇다 이것 책 만들다 때 겉표지 안 속다 접착제 붙다 있다 되다 그것 붙다 있다 거 같다 같다 어떻다 파손 이다 알다 수 있다 회원 말씀 거 이다 교재 파본 이다 거 이다 회원 확인 감사 성함 어떻다 되다 파 본 오다 가지다 요거 어떻다 하다 새롭다 교재 받다 수 있다 감사 분양 상품 공급 분석 업무 분양 상품 공급 분석 인문 사회 경제 공간 등 환경 따르다 분리 나다 회원 이것 기간 지 입력 되다 기간 지나다 입학 되다 저희 서류 업로드 기간 있다 가다 발급 되다 거 이다 아니다 발급 때 대리인 분 오다 되다 대리인 분 오다 작성 서류 많다 지다 말씀 드리다 서류 뭐 필요 대리인 내방 때 저희 가족 외 대리인 이다 경우 검다 자필 서명 동의서 위임장 필요 신분증 사본 대리인 신분증 이렇다 가지다 오다 되다 위임장 양식 있다 거 이다 위임장 동의서 일반 검색창 안녕 안녕 안녕 고객 통화 요청 건 전달 하다 드리다 고객 말씀 가구 수 기재 되다 가구 분할 계산 방법 문의 하다 싶다 하다 접수 수용 번호 말씀 드리다 되다 이분 연락처 주다 예 고객 성함 저 아 분 개 개 발급 수 있다 저 민 증 개 개 가져가다 회원 대학교 입학 하다 거 이다 환급 대상 대하다 안내 하다 입력 것 중요 년 이십 일 년 월 일 월 아니다 지나다 월 일 월 일 삼 일 입력 수 있다 날짜 나오다 날짜 대하다 거 나오다 기다리다 되다 말 하다 이거 날짜 지나다 하다 대학 빗 붙다 붙다 모르다 하다 보다 붙다 고을 붙다 외시 붙다 붙다 그때 환급 받다 그러다 성적 넣다 하다 그거 심사 기간 끝 나다 되다 버리다 사기 아니다 아버님 월 삼 월 월 삼 월 입력 아니다 기간 안내 드리다 안 하다 주다 되다 월 일 월 몇 일 때 하다 그때 되다 되다 거 아니다 하다 환급 주다 거 아니다 입력 것 중요 것 아니다 입학 하다 되다 거 아니다 안내 하다 상품 대상 따르다 차별 규모 따르다 분석 절차 수립 일 하다 좋다 친구 하다 자기 하다 주다 그러다 금액 않다 알다 입지 특성 분석 업무 분양 분석 개발 사업 내용 따르다 분석 주민 등록 등본 신분증 아니다 의료 보험 증 같다 것 괜찮다 문서 이다 메일 주소 저 번 얘기 주다 추가 문의 사항 발생 언제 홈페이지 유선 문의 부탁 드리다 감사 감사 없다 물어보다 사항 없다 맞다 시간 시간 사십 이 시간 이다 것 맞다 마지막 훈련 기간 월 월 일 십 필 일 이다 알리다 주다 감사 어머니 말씀 것 들리다 말씀 주다 내용 맞다 보통 트렌드 맞다 가구 상품 준비 수 있다 상품 제작 후 그렇다 집중 하명 수 있다 것 맞다 결과 상품 준비 트렌드 화훼 상품 제작 수 있다 능력 수업 듣다 다음 실무 훈련 과정 대하다 질문 이다 너 확인 보다 훈련 기관 직종 취업 삼십 일 점 삼 퍼센트 이다 나오다 맞다 알다 내용 내다 돕다 드리다 그 앞서다 가지 확인 보다 싶다 안녕 트렌드 화훼 상품 실무 대하다 훈련 과정 듣다 하다 엔씨에스 상담 팀 이다 일 연락 주다 작업 공간 정리 방법 배우다 수 있다 것 맞다 애 학생증 괜찮다 학생 학생증 이름 생년월일 나오다 있다 문의 사항 없다 감사 회원 분실 하다 저 예외 담다 드리다 거 이다 추후 동일 도움 드리다 어렵다 수 있다 분실 유의 사용 부탁 드리다 분실 중복 구매 이력 자체 없다 때문 교재 장 바구니 담다 드리다 구매 하다 주다 되다 이것 일주일 간 유효 때문 일 주일 내 구매 진행 부탁 드리다 책 사다 분실 르 하다 회원 교재 구매 사유 알다 수 있다 하다 여기 어떻다 하다 되다 거 이다 이거 저 올해 같다 경우 주교재 복습 북 합치다 합치다 지다 상황 이다 구매 어렵다 것 같다 회원 작년 구매 하다 주다 거 같다 작년 복습 북 이다 것 없다 거 확인 되다 올해 교재 구매 하다 거 이다 그렇다 하다 주다 되다 것 같다 잠시 수요 분석 따르다 규모 정하다 일 분양 상품 공급 분석 업무 해당 사다 되다 거 이다 복습 북 세트 되다 있다 구매 어렵다 거 확인 되다 구매 교재 복습 북 교재 구매 원 거 맞다 번 번 강좌 신청 번 번 보다 통화 끊다 말다 이전 구매 적 있다 강좌 수강 신청 하다 주다 되다 회원 수강 중 이다 회원 교재 명 번 번 말씀 주다 성함 어떻다 되다 고객 아이디 번 번 부르다 주다 저 교재 구매 하다 구매 되다 하다 문의 드리다 여권 찍다 보내다 드리다 증 어렵다 것 같다 의료 보험 증 여권 것 없다 엔씨에스 교육 상담 센터 맞다 전화 받다 해당 취업 맞다 저 메일 주소 문자 보내다 드리다 그렇다 입지 특성 분석 업무 일 하다 이름 생년월일 확인 수 있다 보내다 주다 되다 어 사업 따르다 분양 상품 자료 등 대하다 분석 분석 위치 분석 건물 특징 분산 등 분야 필요 분석 최적 분석 경보 확정 분양 상품 특징 따르다 수요 파악 가격 경쟁력 분석 일 말 거 이다 문의 사항 있다 유선 통하다 질문 주다 답변 드리다 하다 감사 없다 수고 외 문의 사항 없다 알다 알리다 주다 감사 내용 보충 분양 상품 규모 따르다 수분 양자 투자 규모 분석 일 수분 양자 위하다 투자 분석 해당 보다 수 있다 말씀 내용 수분 양자 위하다 투자 분석 업무 해당 내용 이다 수분 양자 투자 분석 기법 차별 일 이다 제세 공과금 기타 경비 등 수분 양자 입장 상품 투자 분석 분양 상품 개선 따르다 마지막 수분 양자 위하다 투자 분석 업무 수분 양자 입장 분양 상품 분석 투자 수익 분석 맞다 말씀 내용 입지 특성 분석 해당 내용 이다 미래 지향 라인 사회 변화 검토 적용 말씀 이다 기억 나다 입지 특성 따르다 수요 공급 환경 분석 입지 특성 따르다 인문 사회 경향 분석 입지 특성 분석 업무 입지 특성 따르다 수요 공급 환경 되다 거 아니다 로그인 되다 거 아니다 그렇다 저 생일 알리다 주다 비밀 번호 찾다 하다 하다 그렇다 말씀 내용 입지 특성 분석 업무 아니다 분양 분양 분석 업무 해당 내용 이다 맞다 등록 있다 때문 거 변경 문자 받다 핸드폰 번호 되다 어머니 여기 문자 보내다 드리다 어머니 문자 보내다 드리다 드리다 거 이다 메일 보내다 주다 저희 전화 주다 되다 되다 생일 어머니 메일 발송 연락 번 부탁 드리다 동일 분 받다 저희 상담 내용 남다 있다 때문 상담 가능 감사 떨다 주소 이다 메일 주소 저 문자 보내다 드리다 발송 가능 하다 생년월일 넣다 되다 거 아니다 서류 보내다 다음 하다 수 있다 얘기 이다 되다 거 이다 사다 거기 뭐 이다,0,1,0.7822644179641459
오늘 학교 당황 일 있다 놀라다 뭐 이다 일 있다 그러다 거 이다 남자 화장실 여자 나오다 거 보다 애 말 여자 상습 그러다 거 이다 그러다 당황 수 없다 나 너 같다 상황 이다 당황 거 이다 너 마음 알다 단속 하다 하다 않다 확인 하다 있다 여자 우리 학교 학생 아니다 직원 아니다 하다 화장실 쓰다 외부 학교 들어오다 거 이다 사람 이다 애 화장실 여자 발견 학교 전화 일 있다 보다 나 친구 여자 보다 너 아니다 당황 남자 많다 터 이다 학교 조치 취하다 주다 거 이다 괜찮다 지다 터 이다 걱정 말다 형 말 듣다 마음 놓이다 하다 형 말 대로 나 아니다 남자 당황 일 이다 여자 화장실 남자 들어가다 범죄 되다 남자 화장실 여자 들어가다 거 범죄 아니다 생각 수 있다 그거 생각 이다 암묵 사람 그렇다 생각 것 같다 이거 성별 관계 프라이버시 침해 이다 형 말 것 공감 학교 같다 일 일어나다 거 당황 일 이다 학교 가다 싫다 생각 들다 것 학교 일 일어나다 때 처벌 하다 좋다 상습 남자 화장실 들어오다 여자 없다 지다 나 그렇다 생각 일 처벌 필요 것 같다 살다 보다 일 있다 나 얘기 듣다 주다 고맙다 나중 보다,0,1,0.8089149065903276
유흥비 마련 위하다 금은방 천만 원 훔치다 대 검거 뉴스 보다 너 뉴스 보다 놀라다 나 그거 보다 청소년 범죄 이다 생각 들다 요즘 뉴스 보다 놀라다 일 많다 것 같다 청소년 범죄 소식 듣다 때 이다 무섭다 하다 안타깝다 뉴스 보다 때 조금 슬프다 거 있다 범죄 연령 낮다 지다 거 같다 마음 들다 나 하다 우리 사회 아이 짓 하다 애 저렇다 거 이다 생각 들다 행동 하다 이해 되다 하다 우리 나라 교육 가정 교육 뭐 문제 이다 생각 되다 애 저렇다 하다 거 이다 생각 슬프다 하다 너 마음 좋다 보다 모습 보다 욕하다 사람 있다 너 같다 마음 이다 사람 많다 거 이다 나 그렇다 너 마음 화 나다 상처 받다 마음 이해 가다 씁쓸하다 아이 개개인 일탈 생각 문제 아니다 거 같다 나 알다 거 아니다 아이 문제 돌리다 거 보다 마음 들다 사회 냉소 아이 병들다 하다 거 이다 싶다 슬프다 우리 일상 겪다 크다 작다 상처 아픔 해결 나가다 않다 아이 방법 모르다 저렇다 범죄 저지르다 거 아니다 하다 생각 들다 어른 관심 일 만들다 거 아니다 하다 의구심 들다 나 자신 돌다 보다 아이 아니다 아이 행동 하다 외면 하다 않다 나 어른 중 하나 아니다 싶다 그렇다 너 말 듣다 우리 어른 잘못 크다 거 같다 모두 자기 아이 바라보다 눈 보다 애 빗나가다 전 잡다 주다 수 있다 터 이다 우리 어른 부족 보다 사회 우리 관심 갖다 대하다 하다 터 이다 말 이다 나 그러다 못하다 거 마음 갖다 있다 너 하다 거 같다 생각 하다 사람 늘어나다 조금 달라지다 않다 안타깝다 생각 말다 우리 노력 지키다 보다 색안경 쓰다 보다 우리 시선 바꾸다 나 그렇다 나 불량 애 피하다 하다 말 전적 동감 탓 전 나 자신 바뀌다 하다 거 판단 능력 아이 겉모습 아니다 속마음 찾다 노력 우리 어른 달라지다 거 이다 그렇다 우리 어른 노력 아이 보살피다 조금 괜찮다 지다 그렇다 되다 좋다 미래 희망 이다 하다 관심 우리 노력 아이 새롭다 희망 주다 사회 바뀌다 거 이다 너 노력 나 노력 이렇다 명 명 늘다 바뀌다 거 아니다 나 주변 아이 챙기다 나가다 사람 그렇다 하다 아이 아이 같다 삶 사다 세상 오다 좋다,0,1,0.771320781980646
맞다 월 일 월 나오다 실사 하다 이렇다 가지 다섯 가지 주요 업무 나누다 지다 중 저 급여 대상 등록 근태 관리 역할 헷갈리다 너 급여 대장 등록 근태 관리 하기 말씀 거 이다 부분 헷갈리다 월 일 월 출금 부분 확인 되다 월 십 이 월 원 오만 천 삼 백 십 원 금액 원 오만 천 삼 백 십 원 층 삼 층 고객 이번 월 달 일 월 달 일 이십 일 일 출금 고객 그러다 주소 번 부르다 주다 자동 출금 거 이다 월 구 월 일 십 팔 일 고객 수도 요금 신용 카드 결제 신청 놓다 거 아니다 월 십 일 월 이십 시비 월 시 월 일 이십 이 일 월 구 월 일 십 팔 일 이렇다 일 이십 일 출금 되다 내용 확인 싶다 기다리다 주다 기다리다 주다 감사 고객 저 월 십 일 월 원 오만 천 삼 백 십 원 출금 월 십 이 월 원 오만 이십 원 월 달 일 월 달 원 사 만 팔 천 칠 백 삼 십 원 출금 되다 이거 수도 요금 결제 것 확인 집 주소 저 부르다 드리다 주소 맞다 저기 저 카드 얘 금액 결제 있다 무엇 돕다 드리다 월 십 이 월 일 이십 일 출금 말씀 이다 급여 대장 등록 부서 신청 휴가 근태 자료 집계 직계 저희 확인 위하다 학생회 원 분 아이디 연락처 어떻다 되다 아니다 지원자 지원자 말씀 내용 급여 대장 등록 내용 아니다 근태 관리 내용 이다 그렇다 그것 예 들다 거기 년 일 년 하다 되다 하다 것 이다 오늘 발급 받다 날짜 발급 일자 오늘 되다 작년 날짜 되다 그것 저 번 확인 안내 드리다 터 이다 기다리다 주다 안녕 시청 콜센터 여쭈다 보다 하다 선생 작년 채용 건강 진단서 검사 하다 발급 이번 하다 발급 일자 오늘 기재 되다 검사 일자 작년 이다 기재 되다 기재 어떻다 되다 거 이다 선생 뽑다 놓다 것 없다 모르다 작년 검사 날짜 작년 검사 옛날 하다 옛날 것 이다 것 나오다 옛날 검사 내용 나오다 검사 날짜 기재 되다 발급 일자 기재 되다 거 이다 선생 모르다 저희 민원인 주다 버리다 가지다 샘플 없다 이분 어떻다 하다 되다 연결 드리다 한번 화면 보다 되다 거 같다 연결 주다 알다 채용 검사 같다 거 띠 발급 것 알아보다 저희 보건소 업무 안내 드리다 있다 업무 이다 말씀 어렵다 저희 안내 드리다 있다 업무 이다 말씀 어렵다 발급 관련 묻다 보다 고객 담당자 번호 다르다 예방 접종 실 업무 통화 요청 말씀 어렵다 보건소 보건소 접종 데 바꾸다 주다 보건소 대표 번호 통합 시청 이다 업무 돕다 드리다 보건소 아니다 알다 날짜 자체 정확 확인 채용 필요 건강 진단서 검사 보건소 하다 적 작년 검사 하다 말씀 이다 발급 일자 오늘 나오다 거 이다 작년 나오다 거 이다 금년 그거 떼다 작년 예 들다 작년 작년 건강 검진 하다 채용 수치 검사 기다리다 주다 저 번호 교재 장바구니 담다 놓다 거 맞다 장 바구니 담기다 교재 확인 되다 않다 가지다 저 장 바구니 잠깐 장바구니 이다 년 이천 이십 년 고난 기 문학 기출 마스터 쌍둥이 회원 분 시 이다 보다 저희 교재 담다 두다 터 이다 교재 담다 하다 교재 이 권 권 맞다 기다리다 주다 기다리다 주다 감사 해당 교재 있다 가지다 구매 진행 후 저희 쪽 문의 주다 저희 교재 담다 드리다 수 있다 것 같다 장 바구니 교재 권 권 담기다 않다 가지다 저 결제 하다 나다 연락 드리다 저 교재 거 주문 하다 연락 드리다 하다 주다 언제 이다 모르다 거 이다 저 시 열 시 넘다 교재 하다 되다 거 이다 이거 뭐 이다 결제 하다 되다 거 이다 아니다 올리다 주다 저 결제 되다 거 이다 시 시 이후 문의 문의 주다 저희 해당 교재 장 바구니 담다 두다 수 있다 하다 저 주문 하다 지금 결제 하다 거 이다 시 시 점심 식사 하다 나다 하다 주다 저 전화 하다 저 결제 저희 부분 있다 가지다 전화 하다 되다 거 이다 확인 되다 되다 보다 그렇다 전화 하다 되다 넵 알다 감사 채용 필요 건강 진단서 검사 하다 그렇다 저희 방법 안내 저희 하다 드리다 수 있다 안내 드리다 되다 거기 안내 하다 주다 저희 안내 하다 드리다 있다 곳 이다 저 안내 하다 드리다 아니다 회원 결정 하다 가지다 결제 진행 후 학습 지원 센터 같다 경우 시 시 시 시 점심시간 이다 보다 저희 월 오 월 일 삼 일 시작 환급 금액 지급 시작 있다 이것 저희 지급 학교 시점 다르다 보다 최종 최대 주 육 주 이내 환급 진행 거 이다 월 오 월 월 유 월 사이 입금 보다 되다 기다리다 주다 감사 서류 정상 내용 확인 내다 돕다 드리다 기다리다 주다 문의 사항 있다 거 같다 감사 맞다 지원자 급여 대장 등록 근태 관리 바꾸다 생각 듯 감사 문 사항 있다 언제 이다 문의 부탁 드리다 감사 없다 감사 궁금하다 사항 없다 알다 신청 하다 보다 해당 훈련 경우 수령 수강 평균 연령대 세 사십 일 세 나오다 있다 수강 하다 분 나이대 되다 알다 수 있다 훈련 참여 유형 따르다 금액 때문 자세하다 사항 가깝다 연락 주다 안내 받다 수 있다 자비 부담 금액 일반 훈련 기준 원 이 십 사 만 팔 천 구십 원 이다 마음 들다 훈련비 얼마 이다 그렇다 평일 오전 시 아홉 시 오후 시 시 시간 시간 진행 예정 이다 아니다 없다 수고 평일 주간 가다 거 이다 가르키다 보다 기간 어떻다 되다 몇 시 가다 거 이다 만족도 정보 제공 있다 않다 훈련 기간 직종 취업 구십 이 쩜 삼 프로 높다 편 이다 점 참고 주다 좋다 것 같다 정도 시간 이다 자세하다 배우다 수 있다 수강 만족도 높다 편 이다 훈련 시간 총 시간 백 사 십 시간 이다 이론 실기 하다 주다 시간 취득 과정 모집 있다 어 이론 실기 다루다 훈련 확인 있다 월드 호텔 외식 직업 전문 학교 제과 기능사 제빵 기능사 자격증 저 필요 거 저 과 자격증 이다 안녕 자격증 말씀 이다 안녕 배우다 카드 카드 만들다 자격증 취급 싶다 전화 받다 엔씨에스 교육 상담 센터 이다 급여 계산 위하다 급여 기초 사항 등록 급여 계산 위하다 급여 대상 외 해당 월 조직 구성원 소득 공제 영향 주다 수 있다 항목 등록 업무 급여 대상 등록 이다 채용 이동 승진 퇴직 등 인사 발령 따르다 급여 원장 갱신 기간 년 이천 이 십 일 년 월 십 이 월 일 십 삼 일 시작 월 일 월 일 이십 팔 일 진행 기간 확인 집계 자료 임금 지급 시 포함 하다 금액 산출 산출 금액 급여 규정 관련 법규 부합 여부 확인 후 급여 기초 자료 입력 업무 하다 것 맞다 문의 사항 있다 유선 이용 질문 주다 문의 사항 돕다 드리다 감사 감사 좋다 밤 성함 어떻다 되다 합격 대학교 어떻다 교재 주문 장바구니 넣다 저희 애 쌍둥이 이다 학습 지원 센터 이다 무엇 돕다 드리다 안녕 환불 받다 모의고사 패키지 신청 환불 받다 하다 언제쯤 구매 하다 월 유 월 모평 전 구매 시즌 원 받다 앞 시즌 시즌 쓰리 사다 싶다 회원 아이디 성함 번 말씀 가능 하다 기다리다 주다 회원 확인 육 평 대비 발송 완료 시즌 원 배송 되다 거 같다 이거 맞다 이거 환불 사유 번 말씀 가능 공부 이상 하다 것 같다 하나 추가 주문 추가 하나 이거 넣다 달다 부탁 드리다 전화 드리다 사용 계획 없다 거 맞다 학교 이름 번 말씀 주다 회원 확인 본인 통화 맞다 이거 입금 중 이다 상태 이다 환불 가능 이것 권 권 배송 완료 가지다 신용 카드 환불 되다 현금 하다 되다 둘 중 것 편하다 현금 하다 되다 통장 돈 들어오다 거 이다 이거 같다 경우 시간 소요 다음 주 화요일 오후 시 여섯 시 이후 되다 그렇다 하다 주다 현금 하다 주다 현금 환불 받다 계좌 번 말씀 가능 하다 은행 어디 이다 예금주 명 번 말씀 주다 본인 맞다 저희 이쪽 해당 교재 환불 드리다 거 이다 총 만 천 원 칠만 이천 원 세다 이거 다음 주 화요일 오후 시 여섯 시 이후 확인 주다 되다 저 계좌 번호 번 확인 드리다 저희 이쪽 현금 환불 접수 드리다 터 이다 다음 주 화요일 오후 시 여섯 시 이후 확인 주다 문의 사항 있다 괜찮다 저희 사유 사용 계획 없다 하다 거 이다 생년월일 번 말씀 가능 학교 이름 번 말씀 주다 다음 주 화요일 시 여섯 시 이후 만 천 원 칠만 이천 원 이다 대출 가능 하나 여쭤보다 그러다 그것 문제 이다 이것 오늘 저녁 도착 하다 어떻다 되다 모르다 변경 주소지 어떻다 되다 그것 호 오 호 주소 나가다 거 이다 요거 호 육 호 저희 변경 처리 하다 드리다 지역 배송 지 변경 진행 되다 부분 이다 지금 저희 쪽 문의 주다 결제 완료 건 대하다 저 변경 처리 하다 드리다 수 있다 이것 기본 주소 변경 하다 입금 결제 완료 변 배송 건 이다 반경 변경 거 아니다 예전 주소 책 보내다 일 이십 삼 일 기본 있다 삭제 하다 저 여쭤보다 것 있다 이상 잘리다 것 같다 책 책 마감 상태 끝부분 이다 종이 먼지 날리다 절 단기 잘리다 있다 짤리다 있다 되다 옆 마감 상태 이상 잘리다 있다 짤리다 있다 그 이다 책 그거 뭐 이다 하다 하다 책 넘기다 때 책 책 책 이렇다 나누다 지다 있다 것 있다 피다 곳 있다 어떻다 거 말씀 거 이다 저 이거 어디 문의 모르다 배송 관련 묻다 보다 무엇 돕다 드리다 거리 되다 가지다 집 아니다 요거 저희 회수 하다 재발 송 하다 드리다 되다 왕복 배송비 비용 발생 추가 되다 너 왕 원 이천 사백 원 왕복 원 사 천 팔 백 원 세다 요거 저희 고렇다 그렇다 진행 하다 드리다 수 있다 회원 희망 학습 상담 작년 이다 되다 그러다 이거 할인권 발급 어렵다 수 있다 가지다 추가 이다 할인권 발급 관련 학습 상담 쪽 안내 드리다 그렇다 주다 자녀 고등학교 학년 일 학년 되다 수강 하다 거 과목 시 이다 너 과목 지금 만 원 육십 구만 원 선택 하다 저 교재 선생 강의 선생 거기 교재 값 포함 거 이다 맞다 연락 받다 번호 어떻다 되다 수강 교재 비용 있다 거 이다 강좌 올해 월 십 이 월 말 자유 수강 이다 지급 교재 구매 수 있다 여기 저희 차감 하다 원 사 천 팔 백 원 이제 결제 하다 진행 하다 드리다 하다 그렇다 요거 이거 저희 쪽 반송 처리 완료 되다 요거 이거 시간 걸리다 그거 괜찮다 이거 그렇다 하다 주다 하다 거 맞다 저희 쪽 학습 상담 쪽 연결 하다 갖다 문제집 받다 보다 수 있다 파일 받다 보다 수 있다 알다 있다 맞다 일부 있다 대부분 거기 동그라미 톱니바퀴 표시 들다 환경 설정 되다 있다 거 이다 그렇다 회원 확인 감사 드리다 감사 드리다 저희 왼쪽 위 보다 선 개 개 있다 가지다 가지다 뜨다 저장 공간 부족 되다 식 뜨다 저희 저장 하다 그것 뜨다 경우 있다 그것 어디 뜨다 안착 에스디 카드 없다 뜨다 뜨다 에스디 카드 없다 회원 가지 가지 저 안내 전 여쭈다 보다 저희 설정 번 탭 설정 번 가다 보다 주다 사회 복지과 활동 보조 담당 분 바꾸다 주다 활동 보조 이다 하다 장애인 활동 보조 담당 분 말씀 거 이다 연결 드리다 거 이다 이다 연결 중 전화 끊다 지다 번 연락 부탁 드리다 번호 말다 없다 통화 담당자 분 번호 하나 번호 번호 이다 지금 담당자 통화 중 확인 있다 활동 보조 자 부담금 그거 조정 관하다 사항 하다 하다 거기 저장 용량 보이다 거기 에스디 카드 보이다 다운로드 받다 강의 용량 아래 외장 메모리 클릭 하다 거 이다 그렇다 되다 거기 외장 메모리 다운로드 저 되다 거 이다 번 하다 주다 한번 다운 받다 보다 회원 선생 자체 제작 교재 경우 구매 진행 하다 주다 되다 알다 거기 문제집 같다 거 구매 때 파일 받다 거 이다 아니다 실물 받다 수 있다 그것 선택 수 있다 거 이다 강좌 밑 교재 쓰다 있다 예 들다 범위 파일 이다 적히다 있다 그거 피 디 에프 제공 되다 거 이다 교재 금액 적히다 있다 그거 구매 되다 그렇다 알다 일부 선생 파일 제공 분 대부분 선생 실물 교재 구매 되다 저 번호 연 요청 드리다 거 이다 지금 시 여덟 시 이다 연락 가능 시간 있다 저 시 너 시 반 되다 것 같다 지금 통화 어렵다 가다 오다 이전 학습 상담 없다 연락 주다 터 이다 시 너 시 반 언제 불가 주다 보다 저 받다 수 있다 받다 요청 드리다 감사 좋다 오후 되다 문의 사항 있다 회원 일 둘 번호 연락 오다 거 이다 나다 죄송하다 내용 담당자 분 통화 하다 되다 것 같다 이거 회원 담임 선생 연락 주다 되다 부분 저희 쪽 발급 하다 하다 계약 뭐 주 주택 개발 개발 공사 통화 하다 되다 데 공약 공약 하다 주택 개발 공사 제공 임대 주택 신규 계약 경우 가능 저희 임대 주택 임대 보증금 지원 사업 지원 수 있다 주택 임대 보증금 지원 받다 수 있다 주택 어디 이다 알다 싶다 말씀 이다 다가구 곳 그거 선생 저 있다 거 알다 있다 부분 나 듣다 잊어버리다 가지다 아니다 아파트 같다 그것 그때 전체 가능 뭐 이다 다가구 임대 보증금 지원 사업 문의 소리 들리다 않다 임대 보증금 대하다 대어서 문의 무엇 돕다 드리다 부부 합산 연 소득 원 사천만 원 이하 이다 차상위 계층 중 저희 주택 도시 기금 전세 대출 이다 버팀목 전세 자금 대출 신청 가구 이다 생각 원 사천만 원 이하 이다 가구 이다 되다 차상위 계층 이다 감사 알다 알아보다 거 아니다 주택 전 말씀 주다 말씀 주다 신청 하다 그렇다 건 다음 그거 갖다 가다 것 저 알다 있다 기업 우리 기업 하나 기업 기 기다 기 뭐 이다 말씀 하다 주다 우리 우리 기업 국민 가다 상담 받다 되다 고객 저희 버팀목 전세 자금 대출 이다 하다 부분 저 말씀 드리다 것 아니다 난 가지 가지 알다 싶다 고객 말씀 것 임대 대출 부분 아니다 임대 보증금 지원 사업 문의 거 같다 맞다 저 저희 확인 다음 내용 조치 드리다 말씀 드리다 것 임대 보증금 대하다 지원 드리다 부분 있다 전세 자금 대출 이다 하다 보증금 이다 하다 거 아니다 보증금 지원 주다 거 알다 있다 전세 이다 전세 이다 경우 보증금 있다 전 보증금 저 전세 자금 대출 문의 건지 임대 보증금 문의 거 이다 일 신청 허락 되다 거기 하다 수 있다 거 알다 있다 있다 즈 즈 즈 전체 이다 경우 가능 여기 신청 후 저 잊어버리다 가지다 전 이용자 대출 드리다 부분 있다 그쪽 연결 하다 주다 메일 보내다 주다 후 저희 쪽 연락 주다 이제 사진 장 찍다 아이디 되다 회원 성함 생년월일 확인 하다 드리다 연락처 되다 아이디 비 한번 부르다 주다 회원 이다 하다 생년월일 부르다 주다 비비다 번호 찾다 되다 거 이다 로그인 비밀 번호 잊어버리다 찾다 되다 알다 감사 아이 일 학 고등학교 학년 일 학년 이다 등록 하다 하다 하다 보다 할인권 쿠폰 사용 것 있다 고거 어떻다 하다 하다 인권 받다 수 있다 저희 쪽 회원 가입 하 주다 자녀 연락처 말씀 주다 성함 어떻다 되다 확인 할인 등록 거 없다 할인권 말씀 하다 이거 어떻다 받다 되다 받다 수 있다 지 번 번 물어보다 별 할인권 받다 수 있다 방법 있다 학습 상담 쪽 저 안내 드리다 수 있다 쿠폰 사용 수 있다 것 있다 오다 측 문의 하다 주다 되다 거 이다 이거 회원 가입 하다 아이디 되다 이것 비비다 번호 찾다 지다 비빌 번호 찾다 누르다 가입 있다 않다 회원 이다 뜨다 감사 되다 확인 감사 드리다 좋다 하루 되다 그러다 저희 연락 주다 번호 메일 주소 하나 보내다 드리다 메일 메일 보내다 말 주다 수 있다 부분 가능 하다 그러다 부분 같다 경우 번거롭다 메일 사진 보내다 주다 하다 것 같다 이렇다 번 촤락 펼치다 종이 가루 날리다 그렇다 그러다 오른쪽 잘리다 짤리다 있다 되다 종이 잘리다 있다 짤리다 있다 뜯기다 지다 있다 종이 책 양쪽 중 열리다 있다 부분 말다 오른쪽 있다 가능 저희 제본 부분 말씀 거 이다 거기 성함 되다 기다리다 주다 확인 보다 감사 합 감사 직원 확인 주무관 직원 이다 지금 급 급 몇 급 이다 분 행정 급 칠 급 확인 급 칠 급 이다 재직 확인 차다 연락 드리다 통화 가능 수고 많다 저희 전화 가다 수 있다 내용 전달 드리다 통화 가능 연락처 성함 되다 가다 다음 신청 하다 되다 맞다 감사 감사 전 들다 들어가다 문의 사항 있다 연락 주다 되다 감사 가능 감사 저희 신청 가능 대상자 맞다 연결 드리다 연결 하다 드리다 보다 알다 감사 알다 감사 그렇다 알다 보증금 없다 그것 말 원 천만 원 보증금 지원 사업 가능 그것 가능 거 알다 있다 월 사 월 정도 월 삼 월 말 시작 때문 전달 번 하다 주다 통화 이렇다 되다 뭐 이다 하다 저희 월 삼 월 중순쯤 하다 안내 하다 때 있다 있다 월 사 월 정도 하다 때 있다 때문 주기 확인 수 있다 저 홈페이지 안내 하다 드리다 되다 기다리다 주다 통합 체육회 홈페이지 이다 사이트 주소 문자 발송 드리다 되다 있다 기재 어기다 어렵다 것 같다 문자 발송 드리다 전화 주다 번호 발송 그렇다 하다 확인 하다 보다 너 공고 같다 거 뜨다 대략 작년 기준 보다 월 삼 월 중순쯤 때문 이번 년도 비슷하다 것 같다 하다 저 명시 않다 내용 이다 뭐 이다 말씀 드리다 어렵다 때문 주기 홈페이지 확인 것 좋다 주기 대출 드리다 부분 이다 때문 수급자 분 이다 하다 어렵다 것 같다 임대 보증금 가능 거 같다 그거 처음 알다 처음 알다 아 시간 시간 후 이다 지금 되다 시간 시간 후 구매 가능 알다 이거 책 취소 하다 같다 책 주문 하다 부탁드리다 원 이만 천 사 백 원 카트 취소 되다 사이트 시간 시간 이내 처리 꺼 이다 안녕 지원자 일 연락 주다 저 이번 상반기 에이 기업 지원 예정 이다 에이 기업 관련 직무 찾아보다 헷갈리다 부분 있다 확인 주다 수 있다 확인 드리다 부분 헷갈리다 인사 직무 급여 지급 업무 대하다 것 헷갈리다 먼저 급여 지급 업무 조직원 기본급 휴가 근태 실적 반영 확정 조직원 임금 정하다 지다 날 집행 연말 소득 따르다 납부 세금 소득세법 따르다 계산 연간 세금 정산 수행 직무 목적 두다 있다 것 맞다 맞다 감사 급여 지급 급여 대장 등록 하기 근태 관리 하기 급여 계산 하기 사 대 보험 관리 실 쪽 확인 주다 되다 가액 표 준하다 저희 차량 금액 지원 드리다 거 이다 서다 고객 차량 대하다 지원 금액 알다 싶다 하다 그거 보험 개발원 고객 차량 기준 가액 표 얼마 이다 확인 하다 삼 점 오 톤 미만 일반 자가용 최고 금액 만 원 백 육 십 오 만 원 사업 관련 월 칠 월 말 월 팔 월 초경 문의 주다 되다 것 같다 저희 노후 경유 차다 폐차 지원금 사업 상반기 끄다 마감 신청 지원 드리다 것 없다 없다 지원 얼마 나오다 경유 차 년 십 년 넘다 채용 문의 사항 있다 연락 드리다 고객 저희 차 일 접수 기간 부분 너 엔씨에스 채용 상담 이다 저 이번 차량 구매 하다 이것 환경 공단 저 확인 보다 공해 종 삼 종 그리다 저희 요고 확인 되다 카드 취소 진행 하다 드리다 회원 설정 없다 진행 하다 놓다 가지다 사이트 내 변경 주다 나중 저희 부분 확인 요청 드리다 거 이다 작년 월 십 일 월 일 칠 일 이다 고등학교 저 뭐 이다 입력 놓다 제 모르다 안녕 회원 되다 통화 드리다 상담원 이다 요고 취소 처리 가능 거 확인 원 이만 천 사 백 원 저희 카드 취소 진행 드리다 거 이다 정보 확인 필요 회원 생년월일 고등학교 명 확인 부탁 드리다 발걸음 하다 있다 수 있다 때문 부서 통화 하다 보다 방 하다 수 있다 연결 하다 드리다 보다 이다 고객 우선 고객 그러다 쪽 공해 종 삼 종 확인 스티커 발부 가능 얘기 하다 환경 공단 측 저 차다 번호 부르다 가지다 확인 하다 보다 그거 저 모르다 저 중고차 구매 하다 어디 처음 등록 거 이다 쪽 이다 거 이다 최초 출고 년 이천 십 년 월 오 월 이다 년 이천 십 삼 년 월 오 월 일 이십 사 일 이후 이다 등록 차량 맞다 거 이다 년 십 삼 년 그러다 년 이천 십 삼 년 월 오 월 일 이십 사 일 이후 등록 차량 맞다 거 이다 차량 구매 하다 가지다 등록 등록 하다 거 작월 월 시 월 등록 하다 이번 등록 하다 하다 말씀 하다 주다 공해 차량 말씀 거 이다 여쭈다 보다 하다 기간 아니다 시청 홈페이지 저희 접수 받다 확인 저 언제쯤 접수 받다 확인 드리다 되다 문의 주다 감사 알다 감사 저희 쪽 번 번 문의 주다 저희 링크 응시 안내 링크 발송 되다 여부 번 번 확인 드리다 수 있다 하다 만약 시현 자체 오늘 수요일 이다 뭐 목요일 금요일 확인 되다 하다 저희 쪽 리스트 받다 신청 분 응시 수 있다 응시 안내 링크 보내다 드리다 역할 하다 있다 때문 해당 처 신청 되다 하다 링크 발송 순차 진행 되다 것 같다 만약 해당 처 신청 되다 있다 하다 이다 신청 내역 자체 오픈 문의 주다 전체 관 채널 관리 하다 모니터 쪽 확인 하다 주다 것 같다 신청 만약 하다 하다 저희 순차 발송 드리다 터 이다 신청자 분 이렇다 몰리다 상황 이다 내역 자체 저희 쪽 업데이트 전달 되다 있다 것 같다 저 통하다 링크 통하다 신청 거 확인 되다 거 이다 신청 되다 거 채널 오픈 방 때 문 처 받다 있다 전체 과정 대하다 문의 사항 해당 경로 쪽 문의 주다 되다 것 같다 지원자 저희 쪽 역량 검사 부분 형식 제공 하다 드리다 거 이다 저희 쪽 확인 어렵다 것 같다 수고 역량 검사 외 나머지 챌린지 진행 부분 대하다 기다리다 주다 계약금 제외 번 번 지원금 계약금 제외 원 천만 원 한도 이자 지원 드리다 소진 때 되다 거 알다 있다 여기 예산 소진 지원 어렵다 수 있다 점 참고 하다 주다 되다 생계 급여 수급자 의료 급여 수급자 보장 시설 수급자 중 하나 포함 하다 가능 임대 보증금 지원 사업 주소 두다 있다 여기 면 차상위 되다 거 이다 저 신상 대상 차상위 계층 이다 신청 가능 대하다 부분 저 말씀 드리다 은행 가다 신청 하다 되다 부분 이다 부분 이다 수급자 이다 우선 저희 담당자 확인 하다 보다 이것 오픈 시작 되다 상태 이다 신청자 분 몰리다 가지다 링크 발송 되다 것 같다 해당 부분 저희 순차 확인 발송 되다 예정 이다 내용 참고 주다 감사 드리다 것 같다 뭐 이다 강의 자료 쓰다 거 다운 받다 하다 메모리 부족 마이크로 에스디 카드 넣다 다운 받다 때 어떻다 설정 마이크 에스디 카드 받다 되다 아이 모르다 고객 저희 생활 체육 교실 접수 기간 아니다 생활 체육 이렇다 강습 관련 여쭈다 보다 하다 고객 저희 전세 자금 대출 차상위 계층 한 나 모르다 그러다 그러다 가지 가지 저 알다 싶다 것 가지 가지 가능 말 듣다 싶다 저 궁금하다 것 계약 후 임대 보증금 신청 하다 오다 되다 이다 예산 소진 수 있다 때문 전화 나 방 주다 되다 맞다 하다 가능 것 맞다 저 말씀 드리다 것 앱 개발 공사 제공 있다 임대 주택 계약 하다 가능 거 이다 고객 저희 그것 제한 있다 다가구 이다 아파트 것 제한 있다 것 아니다 거 가구 아니다 전세 해당 원 천만 원 한도 이자 지원 드리다 거 이다 계약금 제외 장애인 설 장애인 보조 센터 설립 관련 내용 이다 자 부담금 변경 조정 하다 자 부담금 조정 관련 문의 이다 말씀 이다 거 이다 전화 주다 곳 어디 이다 거 이다 번 말씀 주다 집 이다 저 개인 이다 개인 개 이다 분 이다 거 이다 알다 부서 쪽 내용 전달 연락 가다 수 있다 도움 드리다 저 이거 에스디 카드 확인 설정 거 번 번 안 내다 돕다 드리다 생년월일 확인 부탁 드리다 탭 이용 거 이다 회원 너 확인 감사 드리다 회원 성함 되다 요 너 하다 회원 아이디 번 번 확인 부탁 드리다 되다 면 차상위 이다 안녕 에이아이 면접 체험 운영 사무국 이다 문 주신 사항 확인 연락 드리다,0,1,0.9866917292264273
어제 퇴근 편의점 아르바이트 시작 종일 일 힘들다 터 이다 무리 거 아니다 아르바이트 하다 거 이다 피곤 않다 카드 대금 나오다 월급 해결 되다 우울 카드 그렇다 쓰다 거 이다 마음고생 심하다 좋다 일 있다 걱정 거 아니다 카드 대출 받다 현금 서비스 받다 주식 하다 망하다 친구 만나다 지 이다 막막하다 일 있다 요즘 주식 하다 손해 보다 보다 젊다 낙담 이르다 당장 슬프다 어렵다 방법 찾다 보다 힘들다 생각 하다 벌다 갚다 결정 일 년 정도 고생 해결 것 같다 살다 보다 주식 하다 보다 손해 보다 수 있다 해결 보다 생각 훌륭하다 비싸다 수업료 내다 교육 받다 생각 앞 살아가다 인생 많다 도움 되다 거 이다 맞다 일확천금 노리다 되다 교훈 얻다 슬픔 이기다 내다 해결 밤 일 회사 힘들다 어떡하다 외근 다니다 하다 운전 하다 하다 밥 챙기다 먹다 영양제 이다 드시다 하다 건강 유의 외근 나가다 때 지하철 타다 운전 큰일 나다 것 같다 저 무섭다 당연 아르바이트 끝나다 시간 이다 자다 출근 하다 단시간 해결 일 아니다 맘 굳다 먹다 지내다 저 옆 응원 걱정 주다 감사 털다 내다 속 편하다 말 하다 속 끓이다 힘내다 일 보다 젊다 고생 사다 하다 웃다 회상 날 있다 거 이다 그때 노력 보다,0,1,0.8896703702782014
안녕 안녕 지내다 지내다 있다 점심 드시다 나 일 먹다 점심 드시다 저 법 오랜만 친구 만나다 족발 집 가다 족발 먹다 그렇다 족발 좋아하다 족발 보상 같다 거 좋아하다 그렇다 저 가다 요즘 덥다 냉채 족발 시키다 먹다 있다 족발 삶다 거 썰다 놓다 스타 옆 있다 사람 어디 가다 묻다 정도 족발 좋다 하다 집 가다 되다 이거 환상 이다 수주 생각나다 기분 들 그러다 가다 족발 골목 있다 거기 족발 맛있다 저 거기 가다 보다 저 사다 철 도 족발 집 괜찮다 것 인 대하다 곳 있다 거기 족발 집 가다 가치 나오다 막국수 맛있다 가지 주변 음식 맛있다 이용 있다 그러다 저희 식구 주간 좋아하다 시키다 먹다 있다 저희 친정 엄마 족발 하다 집 족발 먹다 맛있다 통째 들다 뜯다 면역 천막 그룹 맛있다 거 같다 집 삶다 내다 금박 알다 환상 이다 것 같다 전신 발톱 있다 예측 서핑 뼈 뜯다 먹다 거 좋아하다 그러다 껍데기 껍데기 좋아하다 사람 있다 그거 좋다 하다 사람 족발 혐오 먹다 친구 많다 그러다 이상 곳 이상 고기 먹다 맞다 네트워크 그러다 집 족발 보다 저 집 족발 하다 보다 보쌈 보다 그러다 저 옆 식육 데 족발 사면 개 오천 원 하다 때 있다 옷 오르다 그거 이만 원 어치 사다 약 찬물 핏물 빼다 주다 이렇다 하다 소재 삶다 내다 다음 그거 간장 양념 하다 저 검다 설탕 넣다 색깔 내다 하다 카라멜 소스 얼마 정도 삶다 먹다 먹다 조국 정도 되다 삼십 분 이상 삶다 되다 저 압력 버스 사 하다 압력 밥솥 나다 냄비 옮기다 거기 졸이다 내다 색깔 보다 맛 보다 졸이다 내다 맛있다 너 그렇다 나라 전화 족발 집 번 하다 보다 그때 언제 이다 하다 저 산후 조리 때 저희 시어머니 족발 산보 먹다 뇌 아기 젖 나오다 하다 그때 집 어머님 하다 거 번 보다 적 있다 저 족발 요리 하다 보다 적 없다 그러다 거기 시장 마트 가다 족발 세트 하다 팔다 그거 사다 거기 자르다 달다 하다 요새 미니 나오다 미니 족 하다 먹다 그것 압력 수세 번 삶다 내다 매다 조리다 시간 적다 들다 맛 괜찮다 일탈 족발 염려 연예 지다 번 사 하다 되다 너 표심 물 끓다 때 번 다음 하다 불순물 안 있다 불순물 제거 되다 저 소주 넣다 소주 번 삶다 내다 삶다 내다 거 이다 아니다 고온 거예요 쌀 면 늘다 거 이다 데치다 것 길다 하다 삶다 내다 족발 애쓰다 족발 일으키다 거 조릿대 잎 지다 거 이다 수 대입 시다 거 이다 그거 저 불순물 제거 하다 저 나 거 하다 때 뜨겁다 물 번 튀기다 내다 안 있다 불순물 같다 것 없어지다 잡내 만나다 기름 빠지다 좋다 금 데이 크림 쌀 이다 처음 불리다 다니다 다음 압력 밥솥 익히다 거 이다 다음 일 위 간장 소스 하다 줄이다 거 이다 저 듣다 처음 끓이다 거 거기 삼다 익히다 거 이다 생각 하다 듣다 결론 보다 번 크림 피 그린 필요 거 이다 식당 하다 때 화력 세다 하다 집 것 나오다 소주 넣다 번 길다 차다 물 씻다 불순물 제거 되다 단계 넘다 것 다르다 압력 밥솥 익히다 때 족발 보다 지나다 거기 기본 양념 하다 간장 설탕 거 있다 많다 생각 후추 것 다르다 압력 밥솥 포기 기다 간 백업 들다 거기 압력 밥솥 쓰다 것 여름 수 없다 색깔 것 외가 조절 하다 도서관 아니다 때문 대출 재래식 퓌레 간장 하다 양파 거 갈다 소스 만들다 뿌리다 한번 압력 밥솥 끓이다 나다 고양 다르다 냄비 붓다 나 부족 것 있다 간 약하다 이다 면제 그때 물리다 하다 거 조리다 내다 압력 밥솥 샌드 얼마 정도 끓이다 내다 되다 저 압력 밥솥 외치다 취직 거 있다 그렇다 나다 오 분 정도 있다 약하다 불 하다 십 분 정도 나쁘다 것 같다 육질 연하다 지다 육질 연애 압력 버스 계속 걸리다 저 졸이다 냄새 나가다 하다 이렇다 하다 거 있다 번 하다 말다 때 그렇다 하다 양념 끼얹다 화면 하다 것 비전 나오다 루피 하다 먹다 보다 생각 들다 데 허락 먹다 나 식당 먹다 족발 동물 비싸다 비싸다 보쌈 먹다 선발 음악 크다 거 같다 만 원 하다 감칠맛 삼겹살 목살 비싸다 하다 사다 집 하다 드럼 보이다 않다 맞다 만약 보쌈 족발 하다 때 겉절이 하다 저 말랭이 같다 것 하다 놓다 있다 그거 부추 겉절이 하다 저녁 것 식당 먹다 줄 알다 양 따르다 간장 소스 절임 있다 그거 어쩌다 레시피 보다 하다 보다 노조 식당 먹다 것 소스 맛 나다 거 이다 이것 신기하다 다음 하늘 안 족발 보쌈 먹다 때 양파 간장 소스 만들다 햄버거 이다 좋다 그러다 저희 지가 종류 있다 깻잎 있다 방화이 있다 묶다 양파 너 돼지 감다 이러다 거 많다 집 그렇다 그렇다 거 먹다 때 마늘 것 가치 간장 소스 가치 것 저 쌈 싸다 먹다 그렇다 학계 알다 고기 먹다 때 싸가지 가치 먹다 맛있다 거 같다 맛 현상 환상 이다 것 되다 저 방안 교장 아치 담다 주다 그것 상 그렇다 하다 지나다 않다 먹다 상큼하다 괜찮다 저 명 물 장아찌 하다 우리 맛있다 맞다 당 대비 저 종류 담다 놓다 있다 족발 팔다 되다 다리 살 위 있다 데 이렇다 주다 아니다 다리 이렇다 주다 민족 이다 하다 발목 올라가다 거 것 하다 그렇다 살다 이렇다 있다 부분 니 좋다 케이 쪽 하다 가치 다르다 고기 사다 가치 조리다 양 많다 지다 번 나가다 보다 당 나가다 족발 번 알아보다 구매 수 있다 저 번 집 번 도전 하다 보다 그렇다 마트 가다 냉동 조기 있다 것 포장 팔다 있다 외 거 있다 커다랗다 데 식당 쓰다 글 마트 있다 식자재 마트 데 가다 냉동 주다 싸다 넷 짝 것 있다 그것 식 육 점 가다 그거 냉동 되다 거 거 사다 것 맛 좋다 것 같다 이거 저 기능 냉동 인간 쌓이다 고기 사지 저 족발 국가 하다 하다 냉동 국밥 냉동 쪽 나오다 식육 점 가다 그것 달다 하다 구하다 달다 하다 구하다 주다 많다 십 육 점 이다 이렇다 먹다 좋다 들다 먹다 좋다 자르다 주식 들다 그렇다 집 하다 먹다 보다 삼억 사다 먹다 거 말 일 전문점 사다 먹다 보쌈 라운드 수육 나오다 복사 김치 같다 거 말다 집 서다 것 맛있다 저 요리 솜씨 없다 이다 모르다 알다 전문점 하다 맛 나다 낫다 거기 것 늙다 조미료 내다 맛 다르다 가족 가다 집 하다 먹다 것 전문점 시키다 먹다 거래 어리다 좋다 하다 경우 있다 시키다 먹다 있다 저 먹다 보다 알다 겉절이 김치 있다 주말 분 보쌈김치 어떻다 하다 엄포 레시피 배우다 싶다 저 레시피 하다 레시피 하다 맛 나다 사 오 분 마법 비법 있다 있다 꺼 이다 그 나름 저 무말랭이 대 무말랭이 카페 물엿 절이다 절이다 그거 짜다 그렇다 하다 맛있다 그렇다 하다 스마스 없다 지다 되다 구조 이다 무말랭이 거 달콤하다 맛 있다 되다 거 이다 물엿 데 지다 짜다 하다 버리다 맛 좋다 모발 리기 무치다 때 액젓 같다 것 넣다 저희 액젓 들어가다 거 좋아하다 멸치 액젓 하다 가마 데이트 개 가치 쓰다 있다 나 엑세스 넣다 하다 이놈 저 그거 나 액젓 마시다 겉절이 무말랭이 맛 좌우 것 같다 어떻다 때 액젓 번 김치 나라 양념 하다 보다 풍미 좋다 거 이다 물어보다 어디 일 적합 들 크다 도매 시장 가다 사다 거 이다 하다 일 따르다 어디 젓갈 것 마트 파 거 아니다 맞다 간격 이쪽 저 데 나오다 젓갈 있다 거 김장 때 사다 놓다 들다 일 년 젓갈 갖다 다시마 같다 거 찍다 먹다 때 젓갈 벤처 곱하다 찍다 먹다 하다 하다 젓갈 맛 것 좌우 것 같다 맞다 젓갈 맛 깊다 미네랄 그거 음식 하다 양념 하다 음식 맛보다 좋다 적국 밝다 쪽 쓰다 아니다 탁하다 적국 쓰다 저 맑다 욕구 있다 비슷하다 거 좋아하다 멸치 액젓 액젓 시 깔끔 맛 나다 하다 되다 액젓 쓰다 멸치 액 젓 가치 쓰다 있다 그러하다 겉절이 하다 때 저 새우젓 가치 늦다 젓갈 종류 쓰다 그렇다 하다 거 같다 보다 맞다 족발 알다 보쌈 부 찍다 먹다 때 새우젓 가다 하나 양념 찍다 먹다 때 나 새우 젓갈 찍다 먹다 때 맛있다 것 같다 맞다 그렇다 하다 저희 같다 경우 젓갈 쓰다 먹다 것 좋아하다 힘들다 용 삼겹살 하다 하다 각종 장아찌 나오다 되다 파절이 되다 족발 같다 경우 말랭이 있다 되다 쌈 채소 있다 되다 이렇다 하다 먹다 거 좋아하다 번 냉장고 하다 가다 냉장 보관 비좁다 젓갈 들다 있다 장아찌 종류 들다 있다 저 무말랭이 이렇다 하다 때 매실 엑기스 넣다 편 이다 무어 이다 얘기 거 배우다 보다 족발 먹다 족발 먹다 때 글 족발 보쌈 먹다 때 모발 이식 맛 좋아하다 맞다 무말랭이 묻다 말 시 아니다 업무 보고 말랭이 하나 만들다 놓다 것 쓰다 때문 저 모 하다 푸드 코트 안 이다 거기 사다 갖다 이다 서다 말리다 거 대원 말 그다 예 컴퓨터 도로 아 로컬 푸드 이다 로컬 푸드 만들다 거 그거 살다 하다 찹쌀 풀 조금 쓰다 하다 양념 달라붙다 색깔 곱다 예 랜드 건조 무말랭이 사다 오다 물 풀리다 물 거 있다 이렇다 모레 좋다 불 이다 풀리다 무 단맛 없어지다 마음 이다 거 좋아하다 물 하다 너 말 이다 자체 맛 없다 지다 명 그거 그때 물 불리다 때 그때 물려주다 오다 말씀 이다 아니다 물 불리다 때 맹물 풀리다 그거 양념 전 물리다 재우다 들다 생각 하다 되다 거 이다 재현 다음 자다 거 이다 짜다 양념 찹쌀 풀 죽 쑤다 하다 하다 너 물엿 매실청 거 듣다 저 많다 너 있다 늘다 편 이다 거 같다 알다 찹쌀 풀 관건 이다 전문점 먹다 때 보다 무말랭이 이렇다 묶이다 소 지 하다 뭉치다 있다 저 모발 하다 나르다 학교 그렇다 하다 찹쌀 풀 쓰다 가치 넣다 주다 것 관건 이다 넷 찹쌀 풀 주총 들어가다 색깔 고춧가루 먹다 그렇다 거 같다 저 나름 하다 보다 싶다 하다 저 말씀 듣다 보다 맛 비주얼 나오다 알다 것 같다 그렇다 번 하다 족발 쌓다 말 이다 하다 거기 번 차다 먹다 보다 되다 그렇다 하다 맛있다 거 이다 무치다 이거 밑반찬 좋다 않다 적발 때 아니다 만나다 가지 들다 박스 시 이다 다음 번 보다 내레 다음 달 많다 거 가르치다 주다,0,1,0.8679218983461086
번 번 바꾸다 주다 오수 맨홀 말씀 이다 지역 맞다 전화 드리다 오수 때문 구청 상하 수 과 번 번 연결 드리다 터 이다 기다리다 주다 여권 자녀 분 처음 만들다 것 맞다 하수도 수고 생일 지나다 지나다 않다 자녀 방문 않다 제작 하다 부모 분 분 중 분 분 방문 접수 주다 되다 방문 때 방문 부모 신분증 지참 주다 주다 처리 기간 하다 날 오다 거 이다 어떻다 되다 거 이다 알다 점 있다 처리 기간 내다 돕다 드리다 이전 이전 이력 번 확인 드리다 업무 시간 평일 오전 시 아홉 시 오후 시 여섯 시 이다 내일 같다 화요일 여권 업무 한 저녁 시 여덟 시 야간 업무 하다 때문 업무 종료 되다 분 삼십 분 전 나 방 주다 되다 접수 처 명 확인 출력 기간 여권 접수 처가 곳 곳 이다 여권 접수 선택 현금 나다 카드 결제 주다 되다 되다 만 세 팔 세 미만 적용 되다 때문 여권 년 오 년 동안 번 사용 가능 복수 여권 여권 장수 장 열 장 만 원 삼만 원 장 스물 장 만 원 삼만 삼천 원 이다 생일 지나다 저 이다 데 만 팔 만 세 칠 세 세 칠 세 지예 보다 년 이천 십 일 년 년 이천 십 일 년 실례 이다 자녀 출생 연도 년 이다 규격 어떻다 처리 거 이다 거구 이다 수수료 지참 주다 되다 너 오후 여 열 시 이후 사이트 확인 주 확인 보다 오픈 되다 거 이다 오늘 시 열 시 이후 가격 변경 되다 거 이다 가격 변동 구성 변동 있다 수 있다 그다 며칠 전 저 보다 찾다 없어지다 거 맞다 너 구성 금액 어제 자정 판매 종료 되다 오픈 예정 이다 오픈 예정 이다 어디 들어가다 홈페이지 화면 뜨다 너 화면 보이다 거 이다 알다 촬영 하다 거 이다 여권 사진 규격 지정 있다 최근 개월 육 개월 이내 촬영 자녀 분 여권 사진 넉넉하다 장 장 필요 무엇 돕다 드리다 세 팔 세 성년자 여권 드시다 말씀 맞다 세금 대하다 고지서 이다 여권 하나 만들다 그러다 관련 업무 확인 연결 보다 기다리다 주다 합 포구 이다 회원 구 이다 이것 소재지 지역 이다 내다 거 있다 하천 부지 대하다 사용료 납부 되다 하천 끼다 있다 보다 하천 부지 앞 하천 끼다 있다 가지다 무엇 돕다 드리다 감사 배송 하다 되다 여기 기다리다 주다 너 월 일 유 월 이십 삼 일 날짜 결제 주다 기출 맞다 교재 환불 원 거 이다 연락 교재 하다 보내다 하다 교재 말다 교재 교재 그러다 메모 동봉 사항 환불 안내 받다 회원 성년 이다 때문 현금 환불 가능 이전 반송 주소 메모 사항 전부 안내 받다 거 이다 이전 교재 권 권 이거 하다 총 권 권 환불 하다 거 이다 가입 아이디 전화 번호 말씀 주다 성함 어떻다 되다 확인 감사 살 여덟 살 이다 저 아버지 이다 라면 저 가지다 서류 필요 안녕 시청 콜센터 상담사 부과 거 이다 무엇 돕다 드리다 납부 고지서 나르다 오다 저 간수 잊어버리다 세금 고지서 받다 수 없다 고지서 분실 말씀 이다 저 귀 좋다 말씀 주다 세금 종류 가지 있다 세금 납부 고지서 이다 번 번 말씀 주다 하천 부지 말씀 이다 하천 부지 세 이다 것 해당 부서 저희 집 분실 가지다 내용 확인 차 전화 주다 되다 하천 부지 끼다 있다 곳 이다 고지서 받다 저희 여기 합포구 하천 업무 부서 관제 담당 맞다 민원 하천 부지 세 고지서 받다 내용 때문 전화 주다 수고 많다 콜센터 상담사 전화 끊기다 저 전화 돌리다 드리다 드리다 되다 알다 당일 발송 되다 않다 않다 시 여섯 시 이다 알다 시 이다 알다 왼쪽 쪽 십 육 쪽 이다 다음 쪽 이 십 구 쪽 오른쪽 쪽 십 육 쪽 다음 쪽 이 십 구 쪽 나오다 쪽 십 육 쪽 쪽 이십 팔 쪽 없다 거 이다 그렇다 쪽 십 칠 쪽 쪽 이십 팔 쪽 없다 쪽 십 육 쪽 다음 쪽 십 칠 쪽 쪽 이 십 구 쪽 이다 저 찍다 놓다 사진 있다 회원 이거 사진 찍다 보내다 주다 보내다 주다 저희 재 발송 때 저희 메일 건 건 들어오다 것 아니다 사진 보내다 주소 보내다 주다 저 보내다 저 메일 주소 보내다 드리다 보내다 드리다 주소 보내다 주다 되다 수고 감사 없다 연락 번 전화 드리다 되다 거 이다 페이지 자체 수 되다 모르다 거 이다 자녀 자녀 성함 아이디 적다 보내다 주다 되다 되다 책 표지 찍다 주다 누락 페이지 찍다 주다 주다 시 열 시 운영 저희 아이 거기 과학 수업 듣다 교재 구매 교재 페이지 상당수 누락 되다 있다 가지다 있다 가지다 아이디 개 개 있다 아이디 부르다 주다 딸 아이디 모르다 저 학부모 저 등록 하다 부르다 주다 전화번호 아이디 잃다 잊어버리다 하다 거 이다 말씀 거 맞다 통합 과학 회원 그거 사진 촬영 가지다 교재 겉표지 누락 저희 쪽 보내다 주다 되다 어머니 누락 부분 찍다 저 직장 이다 표지 찍다 되다 않다 저희 확인 하다 되다 점 있다 접수 접수 일 포함 특별 결격 사유 없다 평일 기준 일 사 일 일 오 일 정도 소요 되다 미적분 교재 이다 아까 권 권 말씀 드리다 안녕 전달 안녕 주무관 감사 선생 끊다 말다 기다리다 주다 맞다 그러다 선생 문의 주다 지역 구 맞다 석면 처리 중 그거 처리 하다 하다 데 바닥 밑 있다 거 이다 보다 저희 땅 한정 팔다 수 없다 않다 부분 저희 땅 파다 하다 확인 하다 되다 확인 받다 싶다 그렇다 폐기 그것 관련 폐기 방법 확인 하다 면 지정 폐기물 말씀 이다 담당 부서 부탁 드리다 석면 지정 폐기물 관련 문의 드리다 하다 무엇 돕다 드리다 폐기 방법 아니다 아니다 저희 바닥 밑 매립 슬레이트 나오다 전 연도 그분 번호 번호 거 같다 바꾸다 주다,0,1,0.8144194336455584
